abaca,,z
aback,,
abaft,,
abamp,,z
abase,,
abash,,
abate,,
abbas,,z
abbey,,
abbot,,
abeam,,
abets,,
abhor,,
abide,,
abler,,
abode,,
abohm,,z
aboil,,z
abort,,
about,,
above,,
abrin,,x
abuse,,
abuts,,
abuzz,,
abysm,,
abyss,,
accad,,x
acerb,,x
ached,,
aches,,
acids,,
acing,,
ackee,,xx
acned,,
acock,,x
acold,,x
acorn,,
acres,,
acrid,,
acted,,
actin,,
actor,,
acute,,
adage,,
adana,,x
adapt,,
addax,,x
added,,
adder,,
addle,,
adept,,
adieu,,
adios,,
adman,,
admit,,
admix,,x
adobe,,
adopt,,
adore,,
adorn,,
adowa,,x
adoze,,x
adult,,
adust,,x
aduwa,,x
aegis,,
aeons,,
aerie,,
afars,,
affix,,
afire,,
afoot,,
afore,,
afoul,,
afrit,,x
after,,
again,,
agape,,
agate,,
agave,,x
agaze,,x
agene,,x
agent,,
agers,,x
aggie,,x
aggro,,x
agile,,
aging,,
agios,,x
agist,,x
aglet,,x
agley,,x
aglow,,
agnus,,x
agone,,x
agony,,
agora,,
agram,,x
agree,,
ahead,,
ahold,,
ahura,,x
aided,,
aider,,x
aides,,
ailed,,
aimed,,
aimer,,
aired,,
airer,,
aisha,,x
aisle,,
aisne,,x
aitch,,x
ajmer,,x
akbar,,x
akela,,x
akene,,x
aksum,,x
akure,,x
alack,,x
alarm,,
alary,,x
alate,,
album,,
alcan,,x
aldan,,x
alder,,
aldis,,x
aldol,,x
aleph,,x
alert,,
algae,,
algal,,x
algid,,x
algin,,x
algor,,x
alias,,
alibi,,
alien,,
align,,
alike,,
aline,,x
alive,,
alkyd,,x
alkyl,,x
allan,,x
allay,,
alley,,x
alloa,,
allot,,
allow,,
alloy,,
allyl,,
aloes,,x
aloft,,
aloha,,
aloin,,x
alone,,
along,,
aloof,,
alost,,x
aloud,,
alpes,,x
alpha,,
altar,,
alter,,
altho,,
altos,,
alula,,x
alvey,,x
alway,,
amain,,x
amass,,
amaut,,x
amaze,,
amber,,
ambit,,
amble,,
ambry,,x
ameba,,x
ameer,,x
amend,,
ament,,
amice,,x
amide,,
amigo,,
amine,,
amino,,
amiss,,
amity,,
ammon,,x
amnia,,x
among,,
amors,,x
amort,,x
amour,,x
amowt,,x
ample,,
amply,,
ampul,,x
amuck,,
amuse,,
ancon,,x
anded,,x
anear,,x
anele,,x
anent,,x
aneto,,x
angel,,
anger,,
angle,,
angra,,x
angry,,
angst,,
anile,,x
anima,,
anion,,
anise,,
ankle,,
ankus,,x
annal,,x
annex,,
annoy,,
annul,,
annum,,
anode,,
anole,,x
anted,,x
antic,,
antre,,x
anvil,,
anzio,,x
anzus,,x
aorta,,
aosta,,x
apace,,
apart,,
apeak,,x
apery,,
aphid,,
apian,,
aping,,
apish,,
aport,,
appal,,x
appal,,x
appel,,x
apple,,
apply,,
apron,,
apses,,
apsis,,x
aptly,,
apure,,x
aqaba,,x
aquas,,x
aquit,,x
araks,,x
arany,,x
arbil,,x
arbor,,
arced,,
arcus,,x
ardeb,,x
ardor,,
areal,,x
areas,,
arena,,
argal,,x
arger,,xx
argil,,x
argol,,x
argon,,
argos,,x
argot,,
argue,,
arhat,,x
arica,,x
arise,,
arles,,x
arlon,,x
armed,,
armer,,
armes,,x
armet,,x
armor,,
arnim,,x
aroid,,x
aroma,,
arose,,
arran,,x
arras,,x
array,,
arris,,x
arrow,,
arsis,,
arson,,
artic,,x
asben,,x
ascot,,
ascus,,x
asdic,,x
ashen,,
asher,,
ashes,,
ashet,,x
aside,,
asked,,
asker,,
askew,,
askja,,x
aslef,,x
asoka,,x
aspen,,
asper,,
aspic,,
assad,,x
assai,,x
assay,,x
assen,,
asses,,
asset,,
aster,,
astir,,
aswan,,x
async,,
asyut,,xx
atari,,x
athos,,x
atilt,,x
atlas,,
atman,,x
atoll,,
atoms,,
atomy,,
atone,,
atony,,x
atopy,,x
atrip,,x
attar,,
attic,,
attis,,x
atune,,x
auden,,x
audio,,
audit,,
auger,,
aught,,
augur,,
aulic,,x
aulis,,x
aunts,,
aural,,
aurar,,x
auras,,
auric,,x
aurum,,x
autos,,
auxil,,x
auxin,,
avail,,
avant,,
avast,,
avens,,
avers,,
avert,,
avian,,
avoid,,
avows,,
await,,
awake,,
award,,
aware,,
awash,,
awful,,
awing,,
awoke,,
axers,,x
axial,,
axile,,x
axing,,
axiom,,
axion,,
axles,,
axman,,
axons,,
aydin,,x
ayers,,x
azide,,
azido,,x
azine,,x
azoic,,x
azole,,x
azote,,x
azoth,,x
azure,,
azusa,,x
babar,,
babes,,
babul,,x
babur,,x
baccy,,x
backs,,
bacon,,
baden,,x
badge,,
badly,,
baeda,,x
bagel,,
baggy,,
bagie,,x
bahia,,x
baile,,x
bairn,,x
baits,,
baize,,
bajan,,x
baked,,
baker,,
bakes,,
bakra,,x
bakst,,x
balas,,x
balbo,,x
baldy,,
baled,,
baler,,
bales,,
balkh,,x
balks,,
balky,,
balls,,
balms,,
balmy,,
balpa,,x
balsa,,
banal,,
banat,,x
bandh,,
bands,,
bandy,,
bangs,,
banja,,x
banjo,,
banka,,x
banks,,
banns,,x
barbe,,x
barbs,,
barca,,x
barce,,x
bards,,
bared,,
barer,,
bares,,
barge,,
baric,,x
barks,,
barky,,x
barmy,,
barns,,
barny,,x
baron,,
barre,,
barye,,x
basal,,
based,,
baser,,
bases,,
basic,,
basie,,x
basil,,
basin,,
basis,,
basle,,x
bassi,,
basso,,
baste,,
batch,,
bated,,
bater,,
bates,,
bathe,,
baths,,
batik,,
baton,,
battu,,x
batty,,
batum,,x
bauds,,
baulk,,
bawdy,,
bawls,,
bayed,,
bayle,,x
bayly,,x
bayou,,
bazon,,x
bazoo,,x
beach,,
beads,,
beady,,
beaks,,
beale,,x
beall,,x
beame,,x
beams,,
beamy,,
beano,,x
beans,,
beard,,
bears,,
beast,,
beats,,
beaus,,
beaut,,x
beaux,,x
bebel,,x
bebop,,x
bedew,,x
bedim,,x
beech,,
beefs,,
beefy,,
beens,,
beeps,,x
beers,,
beery,,
beets,,
befit,,
befog,,
befoh,,x
begad,,x
began,,
begat,,x
beget,,
begin,,
begot,,
begum,,x
begun,,
behan,,x
beige,,
beigy,,x
being,,
beira,,x
belah,,x
belay,,
belch,,
belga,,x
belge,,x
belie,,
belle,,
bells,,
belly,,
below,,
belts,,
beman,,x
bench,,
bends,,
bendy,,
bents,,
benue,,x
berar,,x
beret,,
bergs,,x
beria,,x
berio,,x
berks,,x
berne,,x
berry,,
berth,,
berto,,x
beryl,,
beset,,
besom,,x
besot,,x
bests,,
betas,,
betel,,
bethe,,x
betti,,x
bevan,,x
bevel,,
bevin,,x
bevvy,,
bezel,,
bhang,,x
bible,,
bicep,,
biddy,,x
bided,,
bider,,
bides,,
bidet,,
bield,,x
bifid,,x
bight,,x
bigly,,x
bigot,,
bihar,,x
bijou,,
biked,,
biker,,
bikes,,
bikie,,x
bilbo,,
bilge,,
bilgy,,x
bilks,,
bills,,
billy,,
bimah,,x
bimbo,,
binal,,x
binds,,
binge,,
bingo,,
biome,,
biota,,x
biped,,
bipod,,
birch,,
birds,,
biros,,x
birse,,x
birth,,
bison,,
bitch,,
biter,,
bites,,
bitsy,,x
bitty,,
bivvy,,x
blabs,,
black,,
blade,,
blain,,x
blame,,
blanc,,x
bland,,
blank,,
blare,,
blase,,
blast,,
blate,,x
blaze,,
bleak,,
blear,,
bleat,,
bleed,,
bleep,,
blend,,
blent,,x
bless,,
blest,,
blida,,x
bligh,,x
blimp,,
blind,,
blink,,
blips,,
bliss,,
blitz,,
bloat,,
blobs,,
block,,
blocs,,
blois,,x
bloke,,
blond,,
blood,,
bloom,,
bloop,,
blots,,
blown,,
blows,,
blowy,,x
blued,,
bluer,,
blues,,
bluet,,x
bluey,,x
bluff,,
blume,,x
blunt,,
blurb,,
blurs,,
blurt,,
blush,,
blyth,,x
board,,
boart,,x
boast,,
boats,,
bobby,,
bobol,,x
bocci,,
boded,,
bodes,,
bodge,,x
boeuf,,x
boffo,,x
bogan,,x
bogey,,
boggs,,x
boggy,,
bogie,,x
bogle,,x
bogor,,x
bogus,,
bohea,,x
bohol,,x
boies,,x
boils,,
boite,,x
bolas,,
bolet,,x
bolos,,
bolts,,
bolus,,
bombe,,x
bombs,,
bonce,,x
bonds,,
boned,,
boner,,
bones,,
boney,,
bongo,,
bonin,,x
bonne,,x
bonny,,
bonus,,
bonze,,
booby,,
books,,
booky,,x
boole,,x
booms,,
boomy,,x
boong,,x
boors,,
boost,,
booth,,
boots,,
booty,,
booze,,
boozy,,
borak,,x
borax,,
bored,,
boree,,x
borer,,
bores,,
boric,,
borne,,
bornu,,x
boron,,
bosom,,
boson,,
bossa,,x
bossy,,
bosun,,
botan,,x
botch,,
botel,,x
botha,,x
bothy,,x
bough,,
boule,,x
bound,,
bourg,,x
bourn,,
bouse,,x
bouts,,
bovid,,
bowan,,x
bowed,,
bowel,,
bowen,,x
bower,,
bowes,,x
bowie,,x
bowls,,
bowse,,x
boxed,,
boxer,,
boxes,,
boyar,,x
boyer,,x
boyla,,x
boyne,,x
bozen,,x
bozos,,x
brace,,
brach,,x
bract,,x
braes,,x
braga,,
brags,,
brahe,,x
braid,,
brail,,s
brain,,
brake,,
braky,,x
brand,,
brank,,x
brant,,x
brash,,
brass,,
brats,,
brava,,
brave,,
bravo,,
brawl,,
brawn,,
braxy,,x
brays,,
braze,,
bread,,
break,,
bream,,x
breda,,x
brede,,x
breed,,
breve,,
brews,,
briar,,
bribe,,
brick,,
bride,,
brief,,
brien,,x
brier,,x
brigs,,x
brill,,x
brine,,
bring,,
brink,,
briny,,
brisk,,
brist,,x
broad,,
broca,,x
broch,,x
broil,,
broke,,
brome,,x
bromo,,x
bronc,,x
brood,,
brook,,
broom,,
brose,,x
broth,,
broun,,x
brown,,
brows,,
bruin,,
bruit,,x
brume,,
brunt,,
brusa,,x
brush,,
brusk,,
brute,,
bubal,,x
bubby,,x
buber,,x
bucer,,x
buchu,,x
bucko,,x
bucks,,
bucky,,x
buddy,,
budge,,
buffi,,
buffo,,
buffs,,
buggy,,
bugle,,
build,,
built,,
bulba,,x
bulbs,,
bulge,,
bulgy,,
bulks,,
bulky,,
bulla,,x
bulle,,x
bulls,,
bully,,
bumph,,x
bumps,,
bumpy,,
bunch,,
bunco,,
bundh,,x
bundy,,x
bunin,,x
bunko,,x
bunks,,
bunny,,
bunts,,
buoys,,
buran,,x
buret,,x
burin,,x
burka,,x
burle,,x
burly,,
burne,,
burns,,
burnt,,
buroo,,x
burps,,
burro,,
burrs,,
burry,,x
bursa,,x
burse,,x
burst,,
busby,,x
bused,,
buses,,
bushy,,
busra,,x
busts,,
busty,,
butat,,x
butch,,x
buteo,,x
butte,,
butts,,
butty,,x
butut,,x
butyl,,
buxom,,
buyer,,
buzzy,,
bwana,,x
byers,,x
bylaw,,
bylot,,x
bytes,,
bytom,,x
byway,,
cabal,,
cabby,,
caber,,
cabin,,
cable,,
cabob,,z
cacao,,
cache,,
cacti,,
caddy,,
cadet,,
cadge,,
cadre,,
cafes,,
caged,,
cager,,
cages,,
cagey,,
caird,,z
cairn,,
caius,,z
caked,,
cakes,,
calfs,,
calif,,
calix,,z
calla,,z
calls,,
calms,,
calor,,z
calpe,,z
calve,,
calyx,,z
camel,,
cameo,,
campo,,z
camps,,
campy,,
camus,,z
canal,,
candy,,
canea,,z
caned,,
caner,,z
canes,,
canna,,z
canny,,
canoe,,
canon,,
canso,,z
canst,,z
canto,,
canty,,z
caper,,
capes,,
capet,,z
capon,,
cappy,,z
capua,,z
caput,,z
carat,,
carby,,z
cards,,
cared,,
carer,,z
cares,,
caret,,
carew,,z
cargo,,
caria,,z
carle,,z
carne,,z
carny,,
carob,,
carol,,
carom,,
carpi,,z
carps,,
carry,,
carse,,z
carte,,z
carts,,
carty,,z
carve,,
cased,,
cases,,
casks,,
caste,,
casts,,
catch,,
cater,,
cates,,
catty,,
cauca,,z
caulk,,
cause,,
cavan,,z
caved,,
caver,,z
caves,,
cavie,,z
cavil,,z
cawed,,z
cease,,
cecum,,
cedar,,
ceded,,
ceder,,z
cella,,z
celle,,z
cello,,
cells,,
celom,,
cenis,,z
cense,,z
cento,,z
cents,,
ceorl,,z
ceram,,z
ceres,,z
ceria,,z
ceric,,z
cerro,,z
cesta,,z
cesti,,z
ceuta,,z
chafe,,
chaff,,
chain,,
chair,,
chalk,,
champ,,
chant,,
chaos,,
chape,,z
chaps,,
chard,,
chare,,z
charm,,
charr,,z
chars,,
chart,,
chary,,z
chase,,
chasm,,
chats,,
cheap,,
cheat,,
check,,
cheek,,
cheep,,z
cheer,,
chefs,,
cheju,,z
chela,,z
chelp,,z
cheng,,z
chert,,z
chess,,
chest,,
chewa,,z
chews,,
chewy,,
chiat,,z
chiba,,z
chick,,
chide,,
chief,,
child,,
chili,,
chill,,
chimb,,z
chime,,
chimp,,
china,,
chine,,z
ching,,z
chink,,
chino,,
chins,,
chios,,z
chips,,
chirm,,z
chirp,,
chits,,
chive,,
chivy,,z
chock,,
choir,,
choke,,
choko,,z
choky,,
choli,,z
chomp,,
choof,,z
chook,,z
choom,,z
chops,,
chord,,
chore,,
chose,,
chota,,z
chott,,z
choux,,z
chubb,,z
chubs,,z
chuck,,
chufa,,z
chuff,,
chugs,,
chump,,
chums,,
chunk,,
churl,,
churn,,
churr,,z
chute,,
chyle,,z
chyme,,z
cider,,
cigar,,
cilia,,
cimex,,z
cimon,,z
cinch,,
cinna,,z
circa,,
cirri,,z
cisco,,z
cited,,
cites,,
civet,,
civic,,
civie,,z
civil,,
civvy,,z
clack,,
clads,,
claim,,
clamp,,
clams,,
clang,,
clank,,
clans,,
claps,,
claro,,z
clary,,z
clash,,
clasp,,
class,,
clave,,
claws,,
clays,,
clean,,
clear,,
cleat,,
cleck,,c
cleek,,s
clefs,,
cleft,,
cleon,,c
clepe,,c
clerk,,
click,,
cliff,,
climb,,
clime,,
cline,,
cling,,
clink,,
clips,,
cloak,,
clock,,
clods,,
clogs,,
clomb,,c
clomp,,c
clone,,
clonk,,c
clops,,c
close,,
cloth,,
cloud,,
clout,,
clove,,
clown,,
clubs,,
cluck,,
clues,,
clump,,
clung,,
clunk,,
cluny,,c
clvii,,
clwyd,,c
clxii,,c
clxiv,,c
clxix,,c
clxvi,,c
clype,,c
coach,,
coact,,c
coals,,
coapt,,c
coast,,
coati,,c
coats,,
cobby,,c
cobia,,c
coble,,c
cobra,,
cocci,,c
cocks,,
cocky,,
cocoa,,
cocos,,c
coded,,
coder,,
codes,,
codex,,
codon,,
coeds,,
coeur,,c
cogon,,c
coign,,c
coils,,
coins,,
coire,,c
cokes,,
colds,,
coles,,c
colet,,c
coley,,c
colic,,
colly,,c
colog,,c
colon,,
color,,
colts,,
colum,,c
colza,,c
comae,,c
comas,,
combe,,c
combo,,
combs,,
comer,,
comes,,
comet,,
comfy,,
comic,,
comma,,
commo,,c
compo,,c
comte,,c
conan,,c
conch,,
condo,,
coned,,
cones,,
coney,,
conga,,
conic,,
conks,,
conto,,c
cooch,,c
cooee,,c
cooks,,
cooky,,c
cools,,
coomb,,c
coons,,c
coops,,
coopt,,c
copal,,c
coped,,
coper,,
copes,,
copra,,c
copse,,
coral,,
corby,,c
cords,,
cored,,
corer,,
cores,,
corfu,,c
corgi,,
corks,,
corky,,c
corno,,c
corns,,
cornu,,c
corny,,
corot,,c
corps,,
corse,,
cosec,,c
coset,,c
cosmo,,c
costa,,c
costs,,
cotan,,c
cotta,,c
cotty,,c
couch,,
cough,,
could,,
count,,
coupe,,
coups,,
court,,
couth,,
coven,,
cover,,
coves,,
covet,,
covey,,
covin,,c
cowed,,
cower,,
cowes,,
cowls,,
cowry,,x
coyly,,
coypu,,c
cozen,,c
crabs,,
crack,,
craft,,
crags,,
crake,,x
cramp,,
crams,,
crane,,
crank,,
crape,,x
craps,,
crash,,
crass,,
crate,,
crave,,
crawl,,
craze,,
crazy,,
creak,,
cream,,
credo,,
creed,,
creek,,
creel,,
creep,,
crepe,,
crept,,
crepy,,c
cress,,c
crest,,
crewe,,c
crews,,
cribs,,
crick,,
cried,,
crier,,
cries,,
crime,,
crimp,,
crisp,,
criss,,
croak,,
croce,,c
crock,,
croft,,
crone,,
cronk,,c
crony,,
crook,,
croon,,
crops,,
crore,,
cross,,
croup,,
crowd,,
crown,,
crows,,
croze,,c
cruck,,c
crude,,
cruel,,
cruet,,
cruft,,c
crumb,,
crump,,
crura,,c
cruse,,c
crush,,
crust,,
crwth,,c
cryer,,
crypt,,
cryst,,c
cubby,,
cubeb,,c
cubed,,
cuber,,
cubes,,
cubic,,
cubit,,
cuddy,,c
cuffs,,
cufic,,c
cuing,,
culch,,c
culet,,c
culls,,
cully,,
culpa,,
cults,,
cumae,,c
cumin,,
cuneo,,c
cupel,,c
cuppa,,c
cuppy,,c
curbs,,
curch,,c
curds,,
cured,,
curer,,
cures,,
curet,,
curia,,
curie,,
curio,,
curls,,
curly,,
curry,,
curse,,
curst,,
curve,,
curvy,,
cusco,,c
cusec,,
cushy,,
cusps,,
cutch,,c
cuter,,
cutes,,
cutey,,
cutie,,
cutin,,c
cutis,,c
cutty,,c
cutup,,
cuzco,,c
cyber,,
cycad,,
cycle,,
cyclo,,c
cyder,,c
cylix,,c
cymar,,c
cymru,,c
cynic,,
cysts,,
cyton,,c
dacha,,
dacia,,c
daddy,,
dadra,,c
daffy,,
dagan,,c
dagga,,c
dagon,,c
dahna,,c
daily,,
dairy,,
daisy,,
dalai,,c
dales,,
dally,,
damed,,c
damns,,
damps,,
dance,,
dandy,,
daraf,,c
dared,,
darer,,c
dares,,
daric,,c
dario,,c
darks,,
darns,,
darry,,c
darts,,
dated,,
dater,,
dates,,
datuk,,c
datum,,
daube,,c
daubs,,
daunt,,
davao,,c
davit,,
dawes,,c
dawns,,
dayak,,c
dayan,,c
dazed,,
dazes,,
deals,,
dealt,,
deans,,
dears,,
deary,,x
death,,
debag,,x
debar,,
debit,,
debts,,
debug,,
debus,,x
debut,,
debye,,x
decal,,
decay,,
decks,,
decor,,
decoy,,
decry,,
dedal,,x
deeds,,
deems,,
deeps,,
deers,,
defat,,x
defer,,
defoe,,x
defys,,x
degas,,x
degum,,x
dehra,,x
deify,,
deign,,
deism,,
deist,,
deity,,
dekko,,x
delay,,
delft,,x
delis,,
dells,,
delta,,
delve,,
demit,,x
demob,,x
demon,,
demos,,x
demur,,
denim,,
deniz,,x
dense,,
dents,,
denys,,x
depot,,
depth,,
derby,,
derma,,
derry,,
desai,,x
desex,,x
desks,,
detab,,x
deter,,
deuce,,
devil,,
dewan,,x
dewar,,x
dewed,,
dhobi,,x
dhole,,x
dhoti,,x
dials,,
diary,,
diazo,,x
dicer,,
dices,,
dicey,,
dicks,,x
dicky,,x
dicta,,
diets,,
diety,,x
dieux,,x
dight,,x
digit,,
dijon,,x
diker,,x
dikes,,
dildo,,x
dilly,,x
dimer,,x
dimes,,
dimly,,
dinar,,
dined,,
diner,,
dines,,
dinge,,x
dingo,,
dingy,,
dinky,,
diode,,
dipod,,x
dippy,,x
direr,,
dirge,,
dirts,,
dirty,,
disco,,
discs,,
dishy,,
disks,,
ditch,,
ditto,,
ditty,,
divan,,
dived,,
diver,,
dives,,
divot,,
divvy,,
dizen,,x
dizzy,,
djaja,,x
dobby,,x
dobla,,x
dobro,,
docks,,
dodge,,
dodgy,,
dodos,,
doers,,
doffs,,
doggo,,x
doggy,,
dogma,,
doily,,
doing,,
dolby,,x
dolce,,x
doled,,
doles,,
dolls,,
dolly,,
dolor,,
domed,,
domes,,
donau,,x
donee,,x
donga,,x
donne,,x
donny,,x
donor,,
donut,,
dooms,,
doorn,,x
doors,,
doped,,
doper,,
dopes,,
dopey,,
dormy,,x
dorty,,x
dosed,,
doses,,
dotal,,
doted,,
doter,,
dotes,,
dotty,,
douai,,x
douay,,x
doubs,,x
doubt,,
douce,,x
dough,,
doura,,x
douro,,x
douse,,
dovap,,x
dover,,x
doves,,
dowdy,,
dowel,,
dower,,
downs,,
downy,,
dowry,,
dowse,,x
doyen,,
dozed,,
dozen,,
dozer,,
dozes,,
drabs,,
draff,,x
draft,,
drags,,
drail,,x
drain,,
drake,,
drama,,
drank,,
drape,,
drava,,x
drawl,,
drawn,,
draws,,
dread,,
dream,,
drear,,x
dreck,,
dregs,,
dress,,
dribs,,
dried,,
drier,,
dries,,
drift,,
drill,,
drily,,
drink,,
drips,,
drive,,
droit,,
droll,,
drone,,
droob,,x
drool,,
droop,,
drops,,
dross,,
drove,,
drown,,
drugs,,
druid,,
drums,,
drunk,,
drupe,,x
dryad,,x
dryer,,
dryly,,
duals,,
dubai,,x
ducal,,
ducat,,
duces,,
duchy,,
ducks,,
ducky,,
ducts,,
duels,,
duero,,x
duets,,
dukes,,
dulia,,x
dulls,,
dully,,
dulse,,x
dumas,,x
dumka,,x
dummy,,
dumpo,,x
dumps,,
dumpy,,
dunaj,,x
dunce,,
dunes,,
dungy,,
dunne,,x
dunno,,
dunny,,x
duomo,,x
duped,,
duper,,
dupes,,
duple,,
duppy,,x
duque,,xx
durex,,x
duros,,x
durra,,x
durst,,x
durum,,x
durzi,,x
dusky,,
dusts,,
dusty,,
duvet,,
dwale,,x
dwarf,,
dwell,,
dwelt,,
dyads,,
dyers,,
dyfed,,x
dying,,
dykes,,
dyula,,x
eager,,
eagle,,
eagre,,x
eanes,,x
eared,,
earls,,
early,,
earns,,
earom,,x
earth,,
eased,,
easel,,
easer,,x
eases,,
easts,,x
eaten,,
eater,,
eaves,,
ebbed,,
eblis,,x
ebony,,
echos,,
eclat,,
edale,,x
edema,,
edged,,
edger,,
edges,,
edict,,
edify,,
edile,,
edits,,
educe,,
educt,,
eerie,,
egads,,
egest,,x
egged,,
egger,,
egret,,
eider,,
eiger,,x
eight,,
eject,,
eking,,
eland,,
elate,,
elbow,,
elder,,
elect,,
elegy,,
eleia,,x
elemi,,x
elfin,,
elgon,,x
elide,,
elisp,,x
elite,,
ellie,,
elmer,,x
elope,,
elroy,,x
elsan,,x
elude,,
elute,,
elver,,x
elves,,
elvis,,x
elyot,,x
emacs,,
email,,
embay,,x
embed,,
ember,,
embow,,
embus,,x
emcee,,
emden,,x
emend,,
emery,,
emits,,
emmen,,x
emmer,,
emote,,
empty,,
enact,,
enate,,x
ended,,
ender,,
endow,,
endue,,
enema,,
enemy,,
enjoy,,
ennis,,x
ennui,,
enrol,,x
enrol,,x
ensor,,x
ensue,,
enter,,
entry,,
enugu,,x
enure,,
enver,,x
envoi,,x
envoy,,
enzed,,x
eolic,,x
eosin,,
epact,,
ephah,,x
ephod,,
ephor,,x
epics,,
epoch,,
epode,,
epoxy,,
eprom,,
equal,,
equip,,
erase,,
erect,,
ergot,,
erith,,
erode,,
erose,,
erred,,
error,,
eruct,,
erupt,,
esaki,,x
escot,,x
esher,,x
esker,,
espoo,,x
essay,,
ester,,
estop,,
ether,,
ethic,,
ethos,,
ethyl,,
etude,,
etzel,,x
eucre,,x
eupen,,x
evade,,
evens,,x
event,,
evert,,
every,,
evict,,
evils,,
evite,,
evoke,,
exact,,
exalt,,
exams,,
excel,,
exeat,,x
exert,,
exile,,
exine,,x
exist,,
exits,,
expel,,
expos,,x
extol,,
extra,,
exude,,
exult,,
eyers,,x
eying,,x
eyots,,x
eyrie,,x
eyrir,,x
fable,,
fabre,,x
faced,,
facer,,
faces,,
facet,,
facia,,
facto,,
facts,,
faded,,
fader,,
fades,,
fadge,,x
faery,,x
faial,,x
fails,,
faint,,
fairs,,
fairy,,
faith,,
faked,,
faker,,
fakes,,
fakir,,
falls,,
false,,
falun,,x
famed,,
fames,,
fancy,,
fango,,x
fangs,,
fanon,,x
faqir,,
farad,,
farce,,
farci,,x
farcy,,
fared,,
farer,,
fares,,
farms,,
fasts,,
fatah,,x
fatal,,
fated,,
fates,,
fatly,,x
fatso,,x
fatty,,
faugh,,x
fault,,
fauna,,
fauve,,x
favor,,
favus,,x
fawns,,
fawny,,
faxes,,
fayum,,x
fazed,,
fazes,,
fears,,
feast,,
feats,,
feaze,,x
fecal,,
feces,,
feeds,,
feels,,
feeze,,x
feign,,
feint,,
feist,,
fella,,x
fells,,
felon,,
felts,,x
femme,,
femur,,
fence,,
fenny,,x
feoff,,x
feral,,
feria,,
ferns,,
ferny,,
ferro,,x
ferry,,
fesse,,x
fetal,,
fetch,,
feted,,
fetes,,
fetid,,
fetor,,
fetus,,
feuds,,
fever,,
fewer,,
fezes,,x
fiats,,
fiber,,
fibre,,
fibro,,x
fiche,,
fichu,,x
ficus,,
fidel,,x
fidge,,x
fidus,,x
field,,
fiend,,
fieri,,x
fiery,,
fifth,,
fifty,,
fight,,
filar,,
filch,,
filed,,
filer,,
files,,
filet,,
fille,,x
fills,,
filly,,
films,,
filmy,,
filth,,
filum,,
final,,
finch,,
finds,,
fined,,
finer,,
fines,,
fingo,,x
finis,,
finny,,
fiord,,
fiori,,
fired,,
firer,,
fires,,
firma,,
firms,,
firry,,
first,,
firth,,
fishy,,
fists,,
fitly,,
fiume,,
fiver,,
fives,,
fixed,,
fixer,,
fixes,,
fizzy,,
fjord,,
flack,,
flags,,
flail,,
flair,,
flake,,
flaky,,
flamb,,x
flame,,
flank,,
flaps,,
flare,,
flash,,
flask,,
flats,,
flaws,,
flaxy,,
fleam,,x
fleas,,
fleck,,
fleer,,
flees,,
fleet,,
flesh,,
flews,,
flexo,,x
flick,,
flier,,
flies,,
fling,,
flint,,
flips,,
flirt,,
flite,,
flits,,
float,,
flock,,
floes,,
flogs,,
flong,,
flood,,
floor,,
flops,,
flora,,
flory,,
floss,,
flour,,
flout,,
flown,,
flows,,
flubs,,
fluff,,
fluid,,
fluke,,
fluky,,
flume,,
flump,,x
flung,,
flunk,,
fluor,,
flush,,
flute,,
flyby,,
flyer,,
flyte,,
foals,,
foams,,
foamy,,
focal,,
focus,,
foehn,,
fogey,,
foggy,,
foils,,
foist,,
folds,,
folia,,
folic,,
folie,,x
folio,,
folks,,
folly,,
fonda,,x
fonds,,
fonts,,
foods,,
fools,,
foots,,
footy,,x
foray,,
forby,,x
force,,
fordo,,x
fords,,
forge,,
forgo,,
forks,,
forky,,
forma,,
forme,,x
forms,,
forte,,
forth,,
forts,,
forty,,
forum,,
fossa,,
fosse,,x
fouls,,
found,,
fount,,
fours,,
fovea,,
fowey,,x
fowls,,
foxed,,
foxes,,
foyer,,
frags,,
frail,,
frame,,
franc,,
frank,,
frass,,
fraud,,
frays,,
freak,,
freed,,
freer,,
frees,,
freon,,
fresh,,
frets,,
friar,,
fried,,
frier,,
fries,,
frill,,
frisk,,
frito,,x
frizz,,
frock,,
frogs,,
frome,,x
fromm,,x
frond,,
frons,,
front,,
frore,,x
frost,,
froth,,
frown,,
froze,,
fruit,,
frump,,x
fryer,,
ftper,,x
fubsy,,x
fucks,,x
fucus,,
fudge,,
fuels,,
fugal,,
fugio,,x
fugue,,
fully,,
fumed,,
fumes,,
fundi,,x
funds,,
fundy,,
fungi,,
fungo,,x
funky,,
funny,,
furan,,
furor,,
furry,,
furze,,x
fused,,
fusee,,
fuses,,
fusil,,
fussy,,
fusty,,
fuzzy,,
fylde,,x
gabar,,x
gabby,,
gable,,
gabor,,x
gadid,,x
gaffe,,
gaffs,,
gaged,,
gager,,
gages,,
gaily,,
gains,,
gaits,,
gaius,,x
galah,,x
galba,,x
galea,,x
galen,,x
gales,,
galle,,
galls,,
galop,,
galvo,,
gamba,,
gamed,,
games,,
gamey,,
gamic,,
gamin,,
gamma,,
gamut,,
gance,,x
gandy,,
gangs,,
ganja,,
ganof,,x
gaped,,
gaper,,
gapes,,
gappy,,
garam,,x
garbo,,x
garda,,x
garde,,
garth,,x
gases,,
gasps,,
gassy,,
gated,,
gates,,
gator,,
gauds,,x
gaudy,,
gauge,,
gaums,,x
gaunt,,
gauss,,
gauze,,
gauzy,,
gavel,,
gawks,,
gawky,,
gayer,,
gayly,,
gazed,,
gazer,,
gazes,,
gears,,
geary,,
geber,,
gecko,,
geeks,,
geese,,
geest,,
gelid,,
gelin,,x
gemot,,x
genes,,
genet,,x
genic,,
genie,,
genii,,
genip,,x
genre,,
genro,,x
gents,,
genus,,
geode,,
geoid,,
gerah,,x
germs,,
germy,,
gesso,,
getup,,
ghats,,
ghost,,
ghoul,,
giant,,
gibby,,
giber,,
gibes,,
gibli,,
giddy,,
gifts,,
gigli,,
gigot,,
gigue,,
gilds,,
gilet,,x
gills,,
gimel,,x
gimme,,
gimpy,,
gipon,,x
girds,,
girls,,
girly,,
girth,,
gismo,,
given,,
giver,,
gives,,
gizmo,,
glade,,
glady,,
glair,,
gland,,
glans,,
glare,,
glary,,
glass,,
glaze,,
gleam,,
glean,,
glebe,,
gleed,,
glees,,
gleet,,
glens,,
glide,,
glint,,
gloam,,
gloat,,
globe,,
glogg,,
gloms,,
gloom,,
glory,,
gloss,,
glove,,
glows,,
gloze,,
glued,,
gluer,,
glues,,
gluey,,
glume,,
gluon,,
gluts,,
glynn,,x
glyph,,
gnarl,,
gnash,,
gnats,,
gnaws,,
gnome,,
goads,,
goals,,
goats,,
godly,,
godot,,x
gogga,,x
gogol,,x
gogra,,x
going,,
golda,,x
golds,,
golem,,
golfs,,
golly,,
gomel,,x
gomez,,x
gonad,,
goner,,
gongs,,
gonna,,
gonof,,x
goods,,
goody,,
gooey,,
goofs,,
goofy,,
goole,,x
goose,,
goosy,,
gopak,,x
goral,,
gored,,
gores,,
gorge,,
gorse,,
gosse,,
gotta,,
gouda,,
gouge,,
gourd,,
gouty,,
gowan,,x
gower,,x
gowns,,
gowon,,x
grabs,,
grace,,
grade,,
grads,,
graft,,
grail,,
grain,,
grama,,x
grams,,
grand,,
grant,,
grape,,
graph,,
grapy,,
grasp,,
grass,,
grata,,
grate,,
grave,,
gravy,,
grays,,
graze,,
great,,
grebe,,
greed,,
green,,
greet,,
grids,,
grief,,
grill,,
grime,,
grimy,,
grind,,
grins,,
gripe,,
grips,,
grist,,
grith,,
grits,,
groan,,
groat,,
groin,,
groks,,x
groom,,
groot,,
grope,,
gross,,
grosz,,x
grote,,
group,,
grout,,
grove,,
growl,,
grown,,
grows,,
grubs,,
gruel,,
gruff,,
grump,,
grunt,,
guaco,,
guano,,
guard,,
guava,,
guess,,
guest,,
guide,,
guild,,
guile,,
guilt,,
guise,,
gulag,,
gular,,
gulch,,
gules,,
gulfs,,
gulls,,
gully,,
gulps,,
gumbo,,
gumma,,
gummy,,
gunge,,
gunky,,
gunny,,
guppy,,
gurus,,
gushy,,
gusto,,
gusts,,
gusty,,
gutsy,,
gutta,,
gutty,,
guyed,,
guyer,,
guyot,,x
gwelo,,x
gwent,,x
gyani,,x
gypsy,,
gyral,,
gyron,,
gyros,,
habit,,
hacks,,
hadal,,
hades,,
hadji,,x
hadst,,
hafiz,,x
hagar,,x
hagen,,
haiku,,
haile,,x
hails,,
hairs,,
hairy,,
hakim,,x
halal,,
haler,,
hallo,,
halls,,
halma,,x
halos,,
halts,,
halve,,
hamey,,x
hammy,,
hamza,,
hanau,,x
hands,,
handy,,
hangs,,
hanky,,
haole,,x
hapax,,x
haply,,
happy,,
hapto,,x
harar,,x
hards,,x
hardy,,
harem,,
hares,,
harks,,
harms,,
harps,,
harpy,,
harry,,
harsh,,
harte,,x
harun,,x
hasps,,
haste,,
hasty,,
hatch,,
hated,,
hater,,
hates,,
haugh,,
haulm,,
hauls,,
haunt,,
haute,,x
havel,,x
haven,,
haver,,
haves,,
havoc,,
havre,,x
hawes,,x
hawks,,
hawse,,x
hayer,,
hazed,,
hazel,,
hazer,,
hazes,,
heads,,
heady,,
heald,,
heals,,
heaps,,
heard,,
hears,,
heart,,
heath,,
heats,,
heave,,
heavy,,
hedda,,x
hedge,,
heeds,,
heels,,
hefts,,
hefty,,
hegel,,x
heigh,,
heirs,,
heist,,
hekla,,x
helix,,
helle,,x
hello,,
hells,,
helot,,x
helps,,
helve,,x
hemal,,x
hemel,,x
hemus,,x
henae,,x
hence,,
henge,,
henna,,
henry,,x
hepta,,x
herbs,,
herby,,
herds,,
heres,,x
herne,,x
herod,,x
heron,,
heros,,
herty,,x
hertz,,
hewed,,
hewer,,
hexad,,
hexer,,
hexyl,,
hicks,,
hided,,
hider,,
hides,,
highs,,
hight,,
hijaz,,x
hiked,,
hiker,,
hikes,,
hilla,,x
hills,,
hilly,,
hilts,,
hilum,,
hilus,,
hinds,,
hinge,,
hinny,,
hints,,
hippo,,
hippy,,
hired,,
hirer,,
hires,,
hirey,,
hitch,,
hives,,
hoagy,,
hoard,,
hoary,,
hobby,,
hobos,,
hocks,,
hocus,,
hodad,,
hodge,,
hofei,,x
hofuf,,x
hogan,,
hogue,,
hoick,,
hoist,,
hokan,,
hokey,,
hokku,,x
hokum,,
holds,,
holed,,
holes,,
holey,,
hollo,,
holly,,
homed,,
homer,,
homes,,
homey,,
homos,,
honan,,x
hondo,,x
honed,,
honer,,
hones,,
honey,,
honks,,
honky,,
honor,,
hooch,,
hoods,,
hooey,,
hoofs,,
hoogh,,x
hooke,,
hooks,,
hooky,,
hoops,,
hoots,,
hoped,,
hopeh,,x
hoper,,
hopes,,
horae,,x
horal,,x
horde,,
horeb,,x
horme,,x
horns,,
horny,,
horsa,,
horse,,
horst,,
horsy,,
horta,,x
hosea,,
hosed,,
hoses,,
hosts,,
hotel,,
hotly,,
hough,,
hound,,
houri,,
hours,,
house,,
hovel,,
hover,,
howdy,,
howls,,
hoxha,,
hoyle,,x
hsian,,x
huang,,x
hubba,,
hubby,,
hubli,,x
huffy,,
hufuf,,x
huger,,
hulks,,
hullo,,x
hulls,,
hulme,,
human,,
humic,,x
humid,,
humor,,
humph,,
humps,,
humpy,,
humus,,
hunan,,x
hunch,,
hunks,,
hunts,,
hupeh,,x
hurds,,
hurly,,
hurry,,
hurts,,
hurty,,
husks,,
husky,,
hussy,,
hutch,,
hwang,,x
hydra,,
hydro,,
hyena,,
hying,,x
hymen,,
hymns,,
hyoid,,
hyped,,
hyper,,
hypes,,
hypha,,
hypos,,
hyrax,,
ibero,,
ibert,,
ibiza,,
ichor,,
icier,,
icily,,
icing,,
icons,,
ictus,,
ideal,,
ideas,,
idiom,,
idiot,,
idled,,
idler,,
idles,,
idols,,
idyll,,
ieper,,
igfet,,
igloo,,
ignis,,
ihram,,
ikeja,,
ileac,,
ileum,,
ileus,,
iliac,,
ilial,,
ilion,,
ilium,,
illon,,
illus,,
ilmen,,
image,,
imago,,
imbed,,
imbue,,
imide,,
imido,,
imine,,
imino,,
immix,,
impel,,
imply,,
imroz,,
inane,,
inapt,,
incog,,
incur,,
incus,,
index,,
indra,,
indre,,
indue,,
inept,,
inert,,
infer,,
infix,,
infra,,
ingle,,
ingot,,
inion,,
inked,,
inker,,
inkle,,
inlay,,
inlet,,
inner,,
input,,
inset,,
inter,,
intnl,,
intra,,
intro,,
intsv,,
intuc,,
inuit,,
inure,,
inurn,,
ioctl,,
iodic,,
iodin,,
ionic,,
ipsus,,
iqbal,,
irade,,
iraqi,,
irate,,
irbid,,
irbil,,
irian,,
irido,,
irina,,
irked,,
irons,,
irony,,
irred,,
irreg,,
islay,,
isles,,
islet,,
issue,,
issus,,
istle,,
itchy,,
items,,
iulus,,
ivied,,
ivies,,
iviza,,
ivory,,
ixtle,,
izaak,,
izmir,,
izmit,,
iznik,,
jabot,,
jacks,,
jaded,,
jades,,
jaffa,,
jaggy,,
jails,,
jalap,,
jambi,,
jambo,,
jammu,,
jammy,,
janis,,
japer,,
japes,,
jarry,,
jassy,,
jaunt,,
jawan,,
jawed,,
jazzy,,
jeans,,
jebel,,
jedda,,
jeeps,,
jeers,,
jehad,,
jehol,,
jello,,
jells,,
jelly,,
jembe,,
jenny,,
jerba,,
jerez,,
jerid,,
jerks,,
jerky,,
jerry,,
jessy,,
jests,,
jetty,,
jewel,,
jibed,,
jibes,,
jidda,,
jiffy,,
jihad,,
jilts,,
jimmy,,
jingo,,
jinja,,
jinks,,
jinni,,
jinny,,
jived,,
jives,,
jocko,,
jocks,,
johns,,
joins,,
joint,,
joist,,
joked,,
joker,,
jokes,,
jolly,,
jolts,,
jolty,,
joppa,,
jorum,,
jotun,,
joual,,
joule,,
joust,,
jowls,,
jowly,,
judge,,
jugal,,
jugum,,
juice,,
juicy,,
jukes,,
julep,,
jumbo,,
jumna,,
jumps,,
jumpy,,
junco,,
junks,,
junky,,
junta,,
junto,,
jupon,,
jural,,
jurat,,
jurel,,
juror,,
juste,,
jutes,,
jutty,,
kabob,,
kaiak,,
kalat,,
kalif,,
kalpa,,
kamet,,
kandy,,
kanga,,
kansu,,
kanzu,,
kapok,,
kappa,,
kaput,,
karat,,
karma,,
karoo,,
kasai,,
kassa,,
katar,,
kauai,,
kauri,,
kayak,,
kazan,,
kazoo,,
kebab,,
keble,,
kebob,,
kedah,,
kedge,,
keels,,
keeps,,
kelts,,
kemal,,
kempe,,
kempt,,
kenaf,,
kendo,,
kente,,
kerch,,
kerne,,
kerry,,
ketch,,
kevel,,
keyed,,
khaki,,
kicks,,
kiddy,,
kills,,
kilos,,
kilts,,
kinds,,
kings,,
kinin,,
kinky,,
kiosk,,
kioto,,
kited,,
kiter,,
kites,,
kithe,,
kitty,,
kitwe,,
kiwis,,
klieg,,
kline,,
klong,,
klutz,,
knack,,
knave,,
knead,,
kneed,,
kneel,,
knees,,
knell,,
knelt,,
knick,,
knife,,
knish,,
knits,,
knobs,,
knock,,
knoll,,
knots,,
knout,,
known,,
knows,,
knurl,,
koala,,
kochi,,
kodok,,
kofta,,
koine,,
kolar,,
kombu,,
konga,,
konya,,
kooks,,
kooky,,
kopek,,
kraft,,
kraut,,
krill,,
kudos,,
kudzu,,
kulak,,
kylin,,
kylix,,
kyloe,,
kymry,,
label,,
labia,,
labor,,
laced,,
lacer,,
laces,,
lacey,,
lacks,,
laded,,
laden,,
ladle,,
lagan,,
lager,,
laing,,
laird,,
lairs,,
lairy,,
laity,,
laius,,
laker,,
lakes,,
lamas,,
lambs,,
lamed,,
lamer,,
lames,,
lamia,,
lamps,,
lanai,,
lance,,
lands,,
lanes,,
lanky,,
laoag,,
lapel,,
lapis,,
lapse,,
larch,,
lards,,
lardy,,
lares,,
large,,
largo,,
larks,,
larky,,
larum,,
larva,,
laser,,
lassa,,
lasso,,
lasts,,
latch,,
lated,,
later,,
latex,,
lathe,,
lathi,,
lathy,,
latus,,
lauda,,
lauds,,
laugh,,
laura,,
laval,,
laver,,
lawes,,
lawks,,
lawns,,
lawny,,
laxey,,
laxly,,
layer,,
layup,,
lazed,,
lazes,,
lazio,,
leach,,
leads,,
leady,,
leafs,,
leafy,,
leaks,,
leaky,,
leans,,
leant,,
leaps,,
leapt,,
learn,,
leary,,
lease,,
leash,,
least,,
leave,,
leben,,
lecce,,
lecky,,
ledge,,
ledgy,,
leech,,
leeds,,
leers,,
leery,,
lefts,,
lefty,,
legal,,
leges,,
leggy,,
legis,,
legit,,
leith,,
leman,,
lemke,,
lemma,,
lemon,,
lemur,,
lends,,
lenis,,
lense,,
lento,,
leper,,
letch,,
letup,,
leuco,,
levee,,
level,,
leven,,
lever,,
lewes,,
lewis,,
lexis,,
liana,,
liard,,
liars,,
liase,,
libau,,
libel,,
liber,,
libia,,
libra,,
lichi,,
licht,,
licit,,
licks,,
lidos,,
liege,,
liens,,
lieut,,
lieve,,
lifer,,
lifts,,
ligan,,
liger,,
light,,
liked,,
liken,,
liker,,
likes,,
lilac,,
lille,,
limba,,
limbo,,
limbs,,
limed,,
limen,,
limes,,
limey,,
limit,,
limos,,
limps,,
linac,,
lindy,,
lined,,
linen,,
liner,,
lines,,
linga,,
lingo,,
linin,,
links,,
linos,,
lints,,
linty,,
linum,,
lions,,
lipid,,
lippe,,
lippi,,
lippy,,
liras,,
lisle,,
lisps,,
liste,,
lists,,
liter,,
lithe,,
litho,,
litre,,
lived,,
liven,,
liver,,
lives,,
livid,,
lizzy,,
llama,,
llano,,
loach,,
loads,,
loafs,,
loamy,,
loans,,
loath,,
lobar,,
lobby,,
lobed,,
lobes,,
lobos,,
local,,
locks,,
locum,,
locus,,
loden,,
lodge,,
loess,,
loewi,,
lofts,,
lofty,,
loggy,,
logia,,
logic,,
login,,
logos,,
loins,,
lolly,,
lomax,,
loner,,
longe,,
longs,,
looby,,
looks,,
looms,,
loony,,
loops,,
loopy,,
loose,,
loots,,
loped,,
loper,,
loppy,,
loran,,
lorca,,
lords,,
lordy,,
loris,,
lorry,,
losel,,
loser,,
loses,,
losey,,
lossy,,
lotic,,
lotos,,
lotto,,
lotus,,
lough,,
loupe,,
louse,,
lousy,,
louth,,
louts,,
lovat,,
loved,,
lover,,
loves,,
lovey,,
lowan,,
lower,,
lowly,,
loxes,,
loyal,,
luang,,
lubra,,
lucca,,
lucid,,
lucks,,
lucky,,
lucre,,
luffs,,
luger,,
lulls,,
lumen,,
lumme,,
lumps,,
lumpy,,
lunar,,
lunch,,
lunes,,
lunge,,
lungi,,
lungs,,
lunik,,
lupin,,
lupus,,
lurch,,
lured,,
lurer,,
lures,,
lurex,,
lurid,,
lurks,,
lusts,,
lusty,,
lusus,,
luted,,
lutes,,
luxes,,
luxor,,
lxvii,,
lycee,,
lycia,,
lydda,,
lyell,,
lying,,
lymph,,
lynch,,
lyres,,
lyric,,
lyses,,
lysin,,
lysis,,
lysol,,
lyssa,,
lytic,,
lytta,,
macaw,,
maced,,
macer,,
maces,,
macho,,
machu,,
macle,,
macro,,
madam,,
madly,,
madre,,
maewo,,
mafia,,
magen,,
magic,,
magma,,
magna,,
magot,,
magus,,
maids,,
maier,,
mails,,
maims,,
mains,,
mainz,,
maize,,
major,,
maker,,
makes,,
makos,,
malam,,
malar,,
males,,
malic,,
malls,,
malts,,
malty,,
malwa,,
mamba,,
mambo,,
mamma,,
mammy,,
mandi,,
maned,,
manes,,
manet,,
mange,,
mango,,
mangy,,
mania,,
manic,,
manky,,
manly,,
manna,,
manor,,
manse,,
manus,,
maple,,
marat,,
march,,
mardy,,
mares,,
maria,,
marks,,
maroc,,
maros,,
marry,,
marse,,
marsh,,
marts,,
masan,,
maser,,
masks,,
mason,,
massa,,
massy,,
masts,,
match,,
mated,,
mater,,
mates,,
matey,,
maths,,
matlo,,
matsu,,
matte,,
matzo,,
mauby,,
maude,,
mauls,,
mauna,,
maund,,
maury,,
mauve,,
maxim,,
maybe,,
mayer,,
mayon,,
mayor,,
mayst,,
mazed,,
mazer,,
mazes,,
meads,,
meals,,
mealy,,
means,,
meant,,
meany,,
meath,,
meats,,
meaty,,
mecca,,
mecum,,
medal,,
medan,,
media,,
medic,,
meets,,
meiny,,
mekka,,
melba,,
melds,,
melee,,
melic,,
melon,,
melos,,
melts,,
memel,,
memos,,
menai,,
menam,,
mends,,
menes,,
menon,,
mensa,,
mense,,
menus,,
meows,,
merca,,
mercy,,
merge,,
merit,,
merry,,
merse,,
meshy,,
mesic,,
mesne,,
meson,,
messy,,
metal,,
meted,,
meter,,
metes,,
metho,,
meths,,
metic,,
metis,,
metre,,
metro,,
meung,,
meuse,,
mewed,,
mezzo,,
miaou,,
miaow,,
miaul,,
micra,,
micro,,
midas,,
middy,,
midge,,
midst,,
miens,,
miffs,,
miffy,,
might,,
milch,,
miler,,
miles,,
milia,,
milks,,
milky,,
milli,,
mills,,
milne,,
mimas,,
mimer,,
mimic,,
mimir,,
minas,,
mince,,
minch,,
mincy,,
minds,,
mined,,
miner,,
mines,,
minge,,
mingy,,
minho,,
minim,,
minis,,
minks,,
minna,,
minor,,
minot,,
mints,,
minus,,
mired,,
mires,,
mirky,,
mirth,,
mirza,,
misdo,,
miser,,
mises,,
misti,,
mists,,
misty,,
mitch,,
miter,,
mites,,
mitis,,
mitre,,
mitts,,
mixed,,
mixer,,
mixes,,
mixup,,
moans,,
moats,,
mocha,,
mocks,,
modal,,
model,,
modem,,
modes,,
modge,,
modus,,
mogen,,
mogul,,
mohur,,
moire,,
moist,,
mokha,,
mokpo,,
molal,,
molar,,
molds,,
moldy,,
moles,,
molto,,
molts,,
momma,,
mommy,,
monad,,
monal,,
monas,,
monck,,
monde,,
monel,,
moner,,
monet,,
money,,
monic,,
monks,,
monte,,
month,,
monza,,
mooch,,
moods,,
moody,,
mooed,,
moola,,
moons,,
moony,,
moors,,
moose,,
moped,,
moper,,
mopes,,
moral,,
morar,,
moray,,
morea,,
mored,,
morel,,
mores,,
moron,,
morph,,
morro,,
mosey,,
mosso,,
mossy,,
motel,,
motet,,
moths,,
mothy,,
motif,,
motor,,
motte,,
motto,,
mould,,
moult,,
mound,,
mount,,
mourn,,
mouse,,
mousy,,
mouth,,
moved,,
mover,,
moves,,
movie,,
mowed,,
mower,,
moxie,,
mucin,,
mucks,,
mucky,,
mucro,,
mucus,,
muddy,,
mudir,,
mudra,,
muffs,,
mufti,,
muggy,,
mugho,,
mujik,,
mulch,,
mulct,,
mules,,
muley,,
mulga,,
mulki,,
multi,,
mumbo,,
mummy,,
mumps,,
munch,,
mundt,,
munga,,
munge,,
mungo,,
munro,,
muntz,,
mural,,
murat,,
murex,,
murky,,
murra,,
murre,,
mused,,
musee,,
muser,,
muses,,
mushy,,
music,,
musil,,
musks,,
musky,,
mussy,,
musth,,
musts,,
musty,,
mutch,,
muted,,
muter,,
mutes,,
muzzy,,
myall,,
mycin,,
myers,,
mylar,,
mynah,,
myoma,,
myope,,
myrrh,,
mysia,,
myths,,
nabis,,
nabla,,
nabob,,
nacre,,
nadir,,
nagor,,
naiad,,
nails,,
naira,,
nairn,,
naive,,
naked,,
naker,,
nalgo,,
namas,,
named,,
namen,,
namer,,
names,,
namur,,
nanak,,
nanda,,
nanga,,
nanny,,
napes,,
nappa,,
nappy,,
nares,,
narva,,
nasal,,
nashe,,
nasho,,
nasty,,
natal,,
natch,,
nates,,
natty,,
nauch,,
naval,,
navar,,
navel,,
naves,,
navew,,
navvy,,
nawab,,
naxos,,
ndola,,
neagh,,
nears,,
neath,,
neats,,
necks,,
neddy,,
needs,,
needy,,
negev,,
neigh,,
neman,,
nemea,,
neper,,
nepos,,
neral,,
nerva,,
nerve,,
nervy,,
nests,,
netty,,
neume,,
neuro,,
neuss,,
never,,
nevus,,
newel,,
newer,,
newly,,
newsy,,
newts,,
nexus,,
nicer,,
niche,,
nicks,,
nidus,,
niece,,
nieve,,
nifty,,
night,,
nihon,,
nilly,,
nines,,
ninny,,
ninth,,
ninus,,
niort,,
nippy,,
nisei,,
nisus,,
niter,,
nitid,,
niton,,
nitre,,
nitro,,
nitty,,
nival,,
niven,,
nixed,,
nixer,,
nixes,,
nixie,,
njord,,
nkomo,,
nobby,,
noble,,
nobly,,
noces,,
nodal,,
noddy,,
nodes,,
nodus,,
nohow,,
noise,,
noisy,,
nolde,,
nolle,,
nomad,,
nomen,,
nomic,,
nonce,,
nones,,
nonet,,
nooks,,
noons,,
noose,,
nopal,,
norge,,
noria,,
norms,,
north,,
nosed,,
noses,,
nosey,,
notch,,
noted,,
noter,,
notes,,
notum,,
nouns,,
novae,,
novas,,
novel,,
noway,,
nowel,,
noyau,,
noyes,,
noyon,,
nroff,,
nucha,,
nuddy,,
nuder,,
nudes,,
nudge,,
nudum,,
nuevo,,
nukus,,
nulls,,
numbs,,
numen,,
numia,,
numis,,
nunes,,
nunny,,
nuovo,,
nurmi,,
nurse,,
nutty,,
nyala,,
nyasa,,
nylon,,
nymph,,
oaken,,
oakum,,
oared,,
oases,,
oasis,,
oaten,,
oater,,
oates,,
oaths,,
obeah,,
obese,,
obeys,,
oboes,,
obote,,
occas,,
occur,,
ocean,,
ocher,,
ochre,,
ocker,,
ocode,,
octad,,
octal,,
octet,,
odder,,
oddly,,
odeum,,
odilo,,
odium,,
odors,,
odour,,
offal,,
offer,,
often,,
ogive,,
ogled,,
ogler,,
ogles,,
ohmic,,
oiled,,
oiler,,
okapi,,
okays,,
olden,,
older,,
oldie,,
oleic,,
olein,,
oleum,,
olive,,
ology,,
omagh,,
ombre,,
omega,,
omens,,
omits,,
omuta,,
oncer,,
ondes,,
onega,,
onion,,
onium,,
onset,,
oomph,,
ootid,,
oozed,,
oozes,,
opals,,
opens,,
opera,,
ophir,,
opine,,
oping,,
opium,,
opted,,
optic,,
orach,,
oracy,,
orals,,
orate,,
orbit,,
orcas,,
orczy,,
order,,
oread,,
organ,,
oribi,,
oriel,,
orion,,
orlon,,
orlop,,
ormer,,
ormuz,,
orney,,
ornis,,
orris,,
ortho,,
oruro,,
oryol,,
orzae,,
osier,,
osman,,
osmic,,
osram,,
osric,,
ossie,,
ostia,,
other,,
ottar,,
otter,,
otway,,
ought,,
oujda,,
ounce,,
ousel,,
outby,,
outdo,,
outed,,
outer,,
outgo,,
ouvre,,
ouzel,,
ovals,,
ovary,,
ovate,,
ovens,,
overs,,
overt,,
ovine,,
ovoid,,
ovule,,
owing,,
owler,,
owlet,,
owned,,
owner,,
oxbow,,
oxeye,,
oxide,,
oxime,,
oxter,,
ozone,,
ozzie,,
paced,,
pacem,,
pacer,,
paces,,
pacha,,
packs,,
pacts,,
paddy,,
padma,,
padre,,
padua,,
paean,,
paeon,,
pagan,,
paged,,
pager,,
pages,,
pails,,
pains,,
paint,,
pairs,,
paisa,,
palea,,
paled,,
paler,,
pales,,
paley,,
pally,,
palma,,
palms,,
palmy,,
palos,,
palpi,,
palsy,,
pampa,,
panay,,
panda,,
pandy,,
panel,,
panes,,
panga,,
pangs,,
panic,,
panne,,
pansy,,
panto,,
pants,,
panty,,
panza,,
papal,,
papaw,,
papen,,
paper,,
pappy,,
parch,,
parer,,
pares,,
pareu,,
parka,,
parks,,
parky,,
parle,,
parol,,
parry,,
parse,,
parti,,
parts,,
party,,
parve,,
pasay,,
pasha,,
pashm,,
passe,,
pasta,,
paste,,
pasto,,
pasts,,
pasty,,
patch,,
pated,,
paten,,
pater,,
paths,,
patil,,
patin,,
patio,,
patna,,
paton,,
patty,,
pause,,
paved,,
paver,,
paves,,
pavid,,
pavis,,
pawed,,
pawky,,
pawns,,
paxam,,
payed,,
payee,,
payer,,
payor,,
peace,,
peach,,
peake,,
peaks,,
peaky,,
peals,,
pearl,,
pears,,
peart,,
peary,,
peaty,,
pecan,,
pecks,,
pecky,,
pedal,,
peden,,
peeks,,
peels,,
peens,,
peeps,,
peepy,,
peers,,
peeve,,
pekan,,
pekoe,,
pella,,
pelts,,
pemba,,
penal,,
pence,,
pends,,
penis,,
penki,,
penna,,
penny,,
penta,,
penza,,
peony,,
pepin,,
peppy,,
perak,,
perch,,
perdu,,
peril,,
perks,,
perky,,
perse,,
pesky,,
pesos,,
peste,,
pests,,
petal,,
peter,,
petit,,
petri,,
petty,,
pewee,,
pewit,,
phage,,
phase,,
phial,,
phlox,,
phnom,,
phone,,
phony,,
photo,,
phyfe,,
phyla,,
phyle,,
piano,,
piave,,
piaza,,
picks,,
picky,,
picon,,
picot,,
picts,,
picul,,
piece,,
piero,,
piers,,
pieta,,
piety,,
piezo,,
piggy,,
pigmy,,
piked,,
piker,,
pikes,,
pilaf,,
pilau,,
pilch,,
pilea,,
piled,,
pilei,,
piles,,
pills,,
pilot,,
pilus,,
pimps,,
pinar,,
pinch,,
pined,,
pines,,
piney,,
pingo,,
pinko,,
pinks,,
pinky,,
pinna,,
pinny,,
pinta,,
pinto,,
pints,,
pinup,,
pious,,
pipal,,
piped,,
piper,,
pipes,,
pipet,,
pipit,,
pique,,
pirog,,
piste,,
pitch,,
pithy,,
piton,,
pitot,,
piura,,
pivot,,
pixel,,
pixie,,
pizza,,
place,,
plage,,
plaid,,
plain,,
plait,,
plane,,
plank,,
plano,,
plans,,
plant,,
plash,,
plasm,,
plata,,
plate,,
plath,,
platy,,
playa,,
plays,,
plaza,,
plead,,
pleas,,
pleat,,
plebe,,
plebs,,
plica,,
plied,,
plier,,
plies,,
plink,,
ploat,,
plods,,
plonk,,
plots,,
plows,,
ploys,,
pluck,,
plugs,,
plumb,,
plume,,
plump,,
plums,,
plumy,,
plunk,,
plush,,
poach,,
pocky,,
pocus,,
poddy,,
podge,,
podgy,,
podia,,
poems,,
poesy,,
poets,,
pogey,,
pogge,,
pohai,,
poilu,,
poind,,
point,,
poise,,
poked,,
poker,,
pokes,,
pokey,,
pokie,,
polar,,
poled,,
poler,,
poles,,
polio,,
polis,,
polka,,
polls,,
polyp,,
pombe,,
pommy,,
ponds,,
ponta,,
pooch,,
pools,,
poona,,
poove,,
popes,,
poppa,,
poppy,,
popsy,,
porch,,
pored,,
pores,,
porgy,,
porky,,
ports,,
posed,,
poser,,
poses,,
posey,,
posho,,
posit,,
posse,,
posts,,
potch,,
potto,,
potty,,
pouch,,
pouff,,
poult,,
pound,,
pours,,
pouts,,
pouty,,
powan,,
power,,
powys,,
poxes,,
pozzy,,
praha,,
prams,,
prang,,
prank,,
prase,,
prate,,
prato,,
prawn,,
prays,,
preen,,
presa,,
prese,,
press,,
prest,,
prexy,,
preys,,
price,,
prick,,
pricy,,
pride,,
pried,,
prier,,
pries,,
prill,,
prima,,
prime,,
primo,,
primp,,
prink,,
print,,
prior,,
prise,,
prism,,
privy,,
prize,,
probe,,
proem,,
prole,,
prone,,
prong,,
proof,,
props,,
prose,,
proso,,
prost,,
prosy,,
proto,,
proud,,
prout,,
prove,,
provo,,
prowl,,
prows,,
proxy,,
prude,,
prune,,
pryer,,
psalm,,
pseud,,
pshaw,,
psoas,,
psych,,
pubes,,
pubic,,
pubis,,
pucka,,
pudgy,,
puffs,,
puffy,,
puget,,
puked,,
pukes,,
pukka,,
puler,,
pulik,,
pulis,,
pulls,,
pulpy,,
pulse,,
pumps,,
punce,,
punch,,
punka,,
punks,,
punky,,
punny,,
punta,,
punts,,
punty,,
pupae,,
pupal,,
pupas,,
pupil,,
puppy,,
puree,,
purer,,
purge,,
purim,,
purrs,,
purse,,
pursy,,
pushy,,
pussy,,
putas,,
putto,,
putty,,
puvis,,
pydna,,
pygmy,,
pylon,,
pylos,,
pyoid,,
pyran,,
pyric,,
pyxie,,
pyxis,,
qeshm,,
qibla,,
qishm,,
quack,,
quaff,,
quail,,
quake,,
quaky,,
quale,,
qualm,,
quant,,
quare,,
quark,,
quart,,
quash,,
quasi,,
quass,,
quays,,
quean,,
queen,,
queer,,
quell,,
quern,,
query,,
quest,,
queue,,
quibs,,
quick,,
quids,,
quiet,,
quiff,,
quill,,
quilt,,
quint,,
quips,,
quipu,,
quire,,
quirk,,
quirt,,
quist,,
quite,,
quits,,
quoin,,
quoit,,
quota,,
quote,,
quoth,,
rabbi,,
rabic,,
rabid,,
raced,,
racer,,
races,,
racks,,
racon,,
radar,,
radic,,
radii,,
radio,,
radix,,
radom,,
radon,,
rafts,,
raged,,
rages,,
raids,,
rails,,
rains,,
rainy,,
raise,,
rajab,,
rajah,,
rajya,,
raked,,
raker,,
rakes,,
rally,,
ramat,,
ramie,,
ramps,,
ramus,,
rance,,
ranch,,
randy,,
ranee,,
range,,
rangy,,
ranks,,
rants,,
raped,,
raper,,
rapes,,
raphe,,
rapid,,
raree,,
rarer,,
rasht,,
rasps,,
raspy,,
rasse,,
ratan,,
ratch,,
rated,,
ratel,,
rater,,
rates,,
ratha,,
rathe,,
ratio,,
raton,,
ratty,,
raved,,
ravel,,
raven,,
raver,,
raves,,
ravin,,
rawer,,
rawly,,
rayed,,
rayon,,
razed,,
razee,,
razer,,
razes,,
razoo,,
razor,,
reach,,
react,,
reade,,
reads,,
ready,,
realm,,
reals,,
reams,,
reaps,,
rearm,,
rears,,
reast,,
reave,,
rebec,,
rebel,,
rebid,,
rebus,,
rebut,,
recap,,
recta,,
recti,,
recto,,
recur,,
redan,,
reddy,,
redia,,
redly,,
redon,,
redox,,
reeds,,
reedy,,
reefs,,
reeks,,
reeky,,
reels,,
reest,,
reeve,,
refer,,
refit,,
refry,,
regal,,
reger,,
regin,,
regna,,
reify,,
reign,,
reims,,
reins,,
reith,,
reive,,
rejig,,
relax,,
relay,,
relic,,
reman,,
remap,,
remit,,
remix,,
remus,,
renal,,
rends,,
renew,,
renig,,
renin,,
rente,,
rents,,
repay,,
repel,,
reply,,
repot,,
repro,,
reran,,
rerun,,
reset,,
resin,,
resit,,
rests,,
retch,,
retia,,
retot,,
retro,,
retry,,
reuse,,
reval,,
revel,,
rever,,
revet,,
revue,,
rhein,,
rheum,,
rhino,,
rhomb,,
rhumb,,
rhyme,,
riant,,
riata,,
ribas,,
ribby,,
ricci,,
ricer,,
rices,,
ricin,,
rider,,
rides,,
ridge,,
ridgy,,
rifle,,
right,,
rigid,,
rigil,,
rigor,,
rilke,,
rille,,
rilly,,
rimer,,
rinds,,
rings,,
rinse,,
riots,,
ripen,,
riper,,
ripon,,
risen,,
riser,,
rises,,
risks,,
risky,,
risus,,
rited,,
rites,,
ritzy,,
rival,,
rived,,
riven,,
river,,
rivet,,
riyal,,
rizal,,
roach,,
roads,,
roams,,
roars,,
roast,,
robed,,
robes,,
robin,,
roble,,
robot,,
rocks,,
rocky,,
rodeo,,
roget,,
rogue,,
roily,,
roles,,
rolls,,
romps,,
rondo,,
roneo,,
roofs,,
rooks,,
rooky,,
rooms,,
roomy,,
roose,,
roost,,
roots,,
rooty,,
roped,,
roper,,
ropes,,
roque,,
roses,,
roset,,
rosie,,
rosin,,
rospa,,
rossi,,
rotor,,
rotos,,
rouen,,
rouge,,
rough,,
round,,
rouse,,
roust,,
route,,
routh,,
roved,,
roven,,
rover,,
roves,,
rowdy,,
rowed,,
rowel,,
rowen,,
rower,,
roxas,,
royal,,
rubby,,
rubes,,
ruble,,
rubus,,
ruche,,
ruddy,,
ruder,,
ruffe,,
rugae,,
rugal,,
rugby,,
ruing,,
ruins,,
ruled,,
ruler,,
rules,,
rumba,,
rumen,,
rummy,,
rumor,,
rumps,,
runes,,
rungs,,
runic,,
runny,,
runtm,,
runts,,
runty,,
rupee,,
rural,,
rushy,,
rusts,,
rusty,,
rutty,,
rydal,,
ryobu,,
sabah,,
saber,,
sabin,,
sable,,
sabol,,
sabot,,
sabra,,
sabre,,
sacco,,
sacks,,
sacra,,
sacre,,
sadat,,
sadhu,,
sadly,,
safer,,
safes,,
safid,,
sages,,
sagos,,
sahib,,
saida,,
saiga,,
sails,,
saint,,
saith,,
saker,,
sakes,,
sakti,,
salad,,
salep,,
sales,,
salet,,
salic,,
sally,,
salmi,,
salon,,
salop,,
salsa,,
salta,,
salto,,
salts,,
salty,,
salve,,
salvo,,
samar,,
samba,,
samos,,
sands,,
sandy,,
saner,,
sango,,
sankt,,
sapid,,
sapio,,
sapir,,
sapor,,
sappy,,
sarge,,
sarmi,,
sarod,,
saros,,
sarre,,
sarti,,
sarto,,
sarum,,
sasin,,
sassy,,
satai,,
sated,,
satem,,
sates,,
satin,,
satyr,,
sauce,,
sauch,,
saucy,,
sauna,,
saury,,
saute,,
savas,,
saved,,
saver,,
saves,,
savor,,
savoy,,
savvy,,
sawed,,
sawer,,
sayan,,
sayer,,
scabs,,
scads,,
scald,,
scale,,
scall,,
scalp,,
scaly,,
scamp,,
scams,,
scans,,
scant,,
scapa,,
scape,,
scare,,
scarf,,
scarp,,
scars,,
scary,,
scaup,,
scena,,
scend,,
scene,,
scent,,
schmo,,
schul,,
schwa,,
scion,,
scire,,
scoff,,
scold,,
scone,,
scoop,,
scoot,,
scope,,
scops,,
score,,
scorn,,
scour,,
scout,,
scowl,,
scrag,,
scram,,
scran,,
scrap,,
scree,,
screw,,
scrim,,
scrip,,
scrod,,
scrub,,
scrum,,
scuba,,
scudo,,
scuds,,
scuff,,
scull,,
scums,,
scups,,
scurf,,
scuta,,
scute,,
seals,,
sealy,,
seami,,
seams,,
seamy,,
sears,,
sease,,
seato,,
seats,,
sebum,,
secam,,
secco,,
sects,,
sedan,,
seder,,
sedge,,
sedgy,,
sedum,,
seeds,,
seedy,,
seeks,,
seems,,
seeps,,
seepy,,
seers,,
segno,,
segue,,
segur,,
seine,,
seise,,
seism,,
seize,,
selah,,
selle,,
sells,,
selva,,
semen,,
semra,,
sends,,
sengi,,
senna,,
senor,,
sensa,,
sense,,
senti,,
sepal,,
sepia,,
septa,,
serac,,
serai,,
seral,,
seram,,
sercq,,
serfs,,
serge,,
serif,,
serin,,
serow,,
serra,,
serry,,
serum,,
serve,,
servo,,
setae,,
setal,,
setnm,,
setom,,
setup,,
setzb,,
setzm,,
sevan,,
sevec,,
seven,,
sever,,
sewan,,
sewed,,
sewer,,
sexed,,
sexes,,
sexto,,
shaba,,
shack,,
shade,,
shady,,
shaef,,
shaft,,
shags,,
shahn,,
shake,,
shako,,
shaky,,
shale,,
shall,,
shalt,,
shame,,
shamo,,
shams,,
shank,,
shape,,
shard,,
share,,
shark,,
sharp,,
shave,,
shawl,,
shawm,,
shays,,
sheaf,,
shear,,
sheba,,
sheds,,
sheen,,
sheep,,
sheer,,
sheet,,
sheik,,
shelf,,
shell,,
shema,,
shend,,
sherd,,
shewe,,
shewn,,
shews,,
shiai,,
shied,,
shiel,,
shier,,
shies,,
shift,,
shill,,
shily,,
shims,,
shine,,
shiny,,
ships,,
shire,,
shirk,,
shirr,,
shirt,,
shish,,
shiva,,
shive,,
shoal,,
shoat,,
shock,,
shoed,,
shoer,,
shoes,,
shone,,
shook,,
shool,,
shoon,,
shoot,,
shops,,
shore,,
shorn,,
short,,
shote,,
shots,,
shott,,
shoup,,
shout,,
shove,,
showd,,
shown,,
shows,,
showy,,
shred,,
shrew,,
shrub,,
shrug,,
shuck,,
shufu,,
shuns,,
shunt,,
shush,,
shute,,
shuts,,
shyer,,
shyes,,
shyly,,
siang,,
sibiu,,
sibly,,
sibyl,,
sicks,,
siddo,,
sided,,
sides,,
sidle,,
sidon,,
sidra,,
siege,,
siepi,,
sieux,,
sieve,,
sifts,,
sighs,,
sight,,
sigil,,
sigla,,
sigma,,
signs,,
silds,,
silex,,
silke,,
silks,,
silky,,
sills,,
silly,,
silos,,
silts,,
silty,,
silva,,
simar,,
simba,,
simca,,
simla,,
simms,,
sinan,,
since,,
sines,,
sinew,,
singe,,
sings,,
sinks,,
sinus,,
siple,,
sired,,
siree,,
siren,,
sires,,
siret,,
sirra,,
sirup,,
sisal,,
sissy,,
sitar,,
sited,,
sites,,
situs,,
sivas,,
sixes,,
sixmo,,
sixte,,
sixth,,
sixty,,
sizar,,
sized,,
sizer,,
sizes,,
skald,,
skara,,
skate,,
skean,,
skeet,,
skein,,
skelf,,
skelp,,
skene,,
skers,,
skery,,
skews,,
skids,,
skied,,
skien,,
skier,,
skies,,
skiff,,
skill,,
skimp,,
skims,,
skink,,
skins,,
skint,,
skips,,
skirl,,
skirr,,
skirt,,
skite,,
skits,,
skive,,
skoal,,
skulk,,
skull,,
skunk,,
skyey,,
slabs,,
slack,,
slade,,
slain,,
slake,,
slams,,
slang,,
slant,,
slaps,,
slash,,
slate,,
slats,,
slaty,,
slave,,
slavs,,
slays,,
sleds,,
sleek,,
sleep,,
sleet,,
slept,,
slice,,
slick,,
slide,,
slier,,
sligo,,
slily,,
slime,,
slimy,,
sling,,
slink,,
slips,,
slits,,
sloop,,
sloot,,
slope,,
slops,,
slosh,,
sloth,,
slots,,
slows,,
sluff,,
slugs,,
slump,,
slums,,
slung,,
slunk,,
slurp,,
slurs,,
slush,,
slyer,,
slyly,,
slype,,
smack,,
small,,
smarm,,
smart,,
smash,,
smear,,
smell,,
smelt,,
smile,,
smirk,,
smite,,
smith,,
smock,,
smoke,,
smoko,,
smoky,,
smolt,,
smote,,
smsas,,
smuts,,
snack,,
snafu,,
snags,,
snail,,
snake,,
snaky,,
snaps,,
snare,,
snarf,,
snark,,
snarl,,
snash,,
snath,,
snead,,
sneak,,
sneap,,
sneck,,
sneed,,
sneer,,
snell,,
snick,,
snide,,
sniff,,
snipe,,
snips,,
snobs,,
snood,,
snook,,
snoop,,
snoot,,
snore,,
snort,,
snout,,
snows,,
snowy,,
snubs,,
snuck,,
snuff,,
snugs,,
soaks,,
soaps,,
soapy,,
soars,,
sober,,
socal,,
soche,,
sochi,,
socio,,
socks,,
socle,,
soddy,,
sodic,,
sofar,,
sofas,,
softa,,
softy,,
sogat,,
soggy,,
soign,,
soils,,
sokol,,
solan,,
solar,,
soldi,,
soldo,,
soled,,
soles,,
solid,,
solos,,
solum,,
solus,,
solve,,
somme,,
sonar,,
sonde,,
songs,,
sonic,,
sonly,,
sonny,,
sonsy,,
soong,,
sooth,,
sooty,,
sophy,,
sopor,,
soppy,,
sorer,,
sores,,
sorgo,,
sorry,,
sorts,,
sorus,,
sotol,,
sotto,,
sotun,,
sough,,
soule,,
souls,,
soult,,
sound,,
soups,,
soupy,,
sours,,
souse,,
south,,
sower,,
space,,
spacs,,
spada,,
spade,,
spahi,,
spahn,,
spake,,
spall,,
spang,,
spank,,
spans,,
spare,,
spark,,
spars,,
spasm,,
spate,,
spats,,
spawn,,
speak,,
spean,,
spear,,
speck,,
specs,,
spect,,
speed,,
speel,,
speer,,
speir,,
spelk,,
spell,,
spelt,,
spend,,
spent,,
speos,,
sperm,,
spice,,
spicy,,
spied,,
spiel,,
spier,,
spies,,
spike,,
spiky,,
spile,,
spill,,
spilt,,
spina,,
spine,,
spins,,
spiny,,
spire,,
spirt,,
spiry,,
spite,,
spits,,
splat,,
splay,,
split,,
spock,,
spode,,
spoil,,
spoke,,
spoof,,
spook,,
spool,,
spoon,,
spoor,,
spore,,
sport,,
spots,,
spout,,
sprag,,
sprat,,
spray,,
spree,,
sprig,,
sprit,,
sprue,,
spume,,
spumy,,
spunk,,
spurn,,
spurs,,
spurt,,
sputa,,
squab,,
squad,,
squat,,
squaw,,
squib,,
squid,,
squit,,
squiz,,
stabs,,
stack,,
stade,,
staff,,
stage,,
stags,,
stagy,,
staid,,
stain,,
stair,,
stake,,
stale,,
stalk,,
stall,,
stamp,,
stand,,
stane,,
stang,,
stank,,
stans,,
staph,,
stara,,
stare,,
stark,,
stars,,
start,,
stash,,
state,,
stato,,
statz,,
stave,,
stays,,
stdio,,
stead,,
steak,,
steal,,
steam,,
steed,,
steel,,
steep,,
steer,,
stein,,
stela,,
stele,,
stems,,
steno,,
steps,,
stere,,
stern,,
stews,,
steyr,,
stich,,
stick,,
sticy,,
stiff,,
stile,,
still,,
stilt,,
stime,,
sting,,
stink,,
stint,,
stion,,
stipe,,
stirk,,
stirp,,
stirs,,
stoat,,
stock,,
stogy,,
stoic,,
stoke,,
stole,,
stoll,,
stoma,,
stomp,,
stone,,
stonk,,
stony,,
stood,,
stook,,
stool,,
stoop,,
stope,,
stops,,
store,,
stork,,
storm,,
storr,,
story,,
stoss,,
stoup,,
stour,,
stout,,
stove,,
stowe,,
stows,,
stram,,
strap,,
straw,,
stray,,
strep,,
strew,,
stria,,
strip,,
strop,,
strow,,
stroy,,
strum,,
strut,,
stubs,,
stuck,,
studs,,
study,,
stuff,,
stull,,
stump,,
stung,,
stunk,,
stuns,,
stunt,,
stupa,,
stupe,,
sturt,,
styes,,
styka,,
style,,
styli,,
suave,,
subah,,
subic,,
sucks,,
sucre,,
sudor,,
sudsy,,
suede,,
sugar,,
suing,,
suint,,
suite,,
suits,,
sulci,,
sulfa,,
sulks,,
sulky,,
sulla,,
sully,,
sumac,,
sumer,,
summa,,
sunay,,
sunna,,
sunny,,
sunup,,
super,,
suppl,,
supra,,
surah,,
sural,,
surat,,
sured,,
surer,,
surge,,
surly,,
surra,,
susah,,
sushi,,
susso,,
sutra,,
swabs,,
swage,,
swain,,
swale,,
swami,,
swamp,,
swang,,
swank,,
swans,,
swaps,,
sward,,
swarf,,
swarm,,
swart,,
swash,,
swath,,
swats,,
sways,,
swear,,
sweat,,
sweep,,
sweet,,
swell,,
swept,,
sweyn,,
swift,,
swill,,
swims,,
swine,,
swing,,
swipe,,
swirl,,
swish,,
swiss,,
swith,,
swoon,,
swoop,,
sword,,
swore,,
sworn,,
swots,,
swung,,
sycee,,
syene,,
sylph,,
sylva,,
synch,,
synod,,
syren,,
syrup,,
sysgt,,
taata,,
tabac,,
tabby,,
tabes,,
tabla,,
table,,
taboo,,
tabor,,
tacet,,
tachs,,
tacit,,
tacks,,
tacky,,
tacos,,
taegu,,
taffy,,
tafia,,
tagus,,
taiga,,
tails,,
taine,,
taint,,
takao,,
taken,,
taker,,
takes,,
takin,,
talca,,
taler,,
tales,,
talks,,
talky,,
tally,,
talon,,
talos,,
taluk,,
talus,,
tamed,,
tamer,,
tames,,
tamis,,
tammy,,
tance,,
tanga,,
tango,,
tangy,,
tanis,,
tanka,,
tanks,,
tansy,,
tanta,,
tanto,,
taped,,
taper,,
tapes,,
tapir,,
tapis,,
tappa,,
taras,,
tardo,,
tardy,,
targe,,
targo,,
tarim,,
tarok,,
taros,,
tarot,,
tarre,,
tarry,,
tarsi,,
tarts,,
tartu,,
tashi,,
tasks,,
tasse,,
tasso,,
taste,,
tasty,,
tater,,
tatra,,
tatty,,
taunt,,
taupe,,
taupo,,
tavel,,
tawes,,
tawie,,
tawny,,
tawse,,
taxed,,
taxer,,
taxes,,
taxis,,
taxon,,
taxus,,
tazza,,
teach,,
teaks,,
teals,,
teams,,
tears,,
teary,,
tease,,
teats,,
techy,,
tecta,,
tecum,,
teems,,
teens,,
teeny,,
teeth,,
teide,,
teiid,,
teleg,,
telia,,
telic,,
telli,,
tells,,
telly,,
telos,,
tempi,,
tempo,,
tempt,,
tench,,
tenda,,
tends,,
tenet,,
tenex,,
tenia,,
tenno,,
tenon,,
tenor,,
tense,,
tenth,,
tents,,
tenty,,
tepal,,
tepee,,
tepic,,
tepid,,
terai,,
terce,,
tered,,
terga,,
terms,,
terne,,
terni,,
terry,,
terse,,
terza,,
tesla,,
testa,,
tests,,
testy,,
teter,,
tetra,,
tevet,,
texts,,
teyde,,
tezel,,
thane,,
thank,,
thats,,
thaws,,
theat,,
theca,,
theft,,
thegn,,
their,,
theme,,
theol,,
there,,
therm,,
these,,
theta,,
thick,,
thief,,
thigh,,
thill,,
thine,,
thing,,
think,,
thins,,
thiol,,
third,,
thirl,,
thole,,
thong,,
thorn,,
thorp,,
those,,
thoth,,
thous,,
thraw,,
three,,
threw,,
throb,,
throe,,
throw,,
thrum,,
thuds,,
thugs,,
thumb,,
thump,,
thunk,,
thurl,,
thuya,,
thyme,,
thymy,,
tiara,,
tibia,,
tibur,,
tical,,
ticks,,
tidal,,
tided,,
tides,,
tieck,,
tiers,,
tiger,,
tight,,
tigon,,
tihwa,,
tilde,,
tiled,,
tiler,,
tiles,,
tills,,
tilly,,
tilth,,
tilts,,
timed,,
timer,,
times,,
timid,,
timmy,,
tinct,,
tinea,,
tined,,
tines,,
tinge,,
tinny,,
tints,,
tippy,,
tipsy,,
tiran,,
tired,,
tires,,
tiros,,
tirso,,
tisza,,
titan,,
titer,,
tithe,,
title,,
titre,,
tizzy,,
toads,,
toady,,
toast,,
tobit,,
tobol,,
today,,
toddy,,
toffy,,
togue,,
toile,,
toils,,
token,,
tolls,,
tolyl,,
toman,,
tombs,,
tomes,,
tommy,,
tonal,,
tondi,,
tondo,,
toned,,
toner,,
tones,,
tonga,,
tongs,,
tonic,,
tonio,,
tonks,,
tonle,,
tonne,,
tonus,,
tools,,
tooth,,
toots,,
topaz,,
toped,,
topee,,
toper,,
topes,,
tophi,,
topic,,
topoi,,
topos,,
toque,,
torch,,
toric,,
torii,,
torre,,
torsi,,
torso,,
torte,,
torus,,
total,,
toted,,
totem,,
toter,,
totes,,
touch,,
tough,,
tours,,
touse,,
touts,,
towed,,
towel,,
tower,,
towie,,
towns,,
towny,,
toxic,,
toxin,,
toyed,,
toyer,,
toyon,,
trace,,
track,,
tract,,
trade,,
tragi,,
trail,,
train,,
trait,,
tramp,,
traps,,
trash,,
trass,,
trave,,
trawl,,
trays,,
tread,,
treat,,
treed,,
treen,,
trees,,
treks,,
trend,,
tress,,
trews,,
treys,,
triac,,
triad,,
trial,,
tribe,,
trice,,
trick,,
tried,,
trier,,
tries,,
trike,,
trill,,
trims,,
trine,,
triol,,
trios,,
tripe,,
trips,,
trite,,
troas,,
troat,,
trode,,
troff,,
trois,,
troll,,
tromp,,
trona,,
trone,,
troop,,
trope,,
troth,,
trots,,
trout,,
trove,,
truce,,
truck,,
trued,,
truer,,
trues,,
trugs,,
trull,,
truly,,
trump,,
trunk,,
truss,,
trust,,
truth,,
tryma,,
tryst,,
tsade,,
tsana,,
tuart,,
tubal,,
tubby,,
tubed,,
tuber,,
tubes,,
tucks,,
tufts,,
tufty,,
tulip,,
tulle,,
tully,,
tumid,,
tummy,,
tumor,,
tunas,,
tuned,,
tuner,,
tunes,,
tunic,,
tunny,,
tuple,,
tuque,,
tural,,
turbo,,
tured,,
turfy,,
turks,,
turku,,
turns,,
turps,,
turvy,,
tusks,,
tutee,,
tutor,,
tutsi,,
tutti,,
tutty,,
twain,,
twang,,
tweak,,
tweed,,
tween,,
tweet,,
twerp,,
twice,,
twigs,,
twill,,
twine,,
twins,,
twiny,,
twirl,,
twirp,,
twist,,
twite,,
twixt,,
tycho,,
tying,,
tykes,,
tynes,,
tynes,,
typal,,
typed,,
typer,,
types,,
typey,,
typic,,
typos,,
tyres,,
tyros,,
udall,,
udder,,
udine,,
ugali,,
uhlan,,
ulama,,
ulcer,,
ulema,,
ulnar,,
ultra,,
umbel,,
umber,,
umbos,,
umbra,,
umiak,,
umrcc,,
unapt,,
unarm,,
unary,,
unban,,
unbar,,
unbid,,
unbox,,
uncap,,
uncil,,
uncle,,
uncus,,
uncut,,
under,,
undid,,
undro,,
undue,,
unfit,,
unfix,,
ungot,,
unify,,
union,,
unite,,
units,,
unity,,
unjam,,
unlay,,
unman,,
unmet,,
unpeg,,
unpin,,
unrig,,
unrip,,
unrwa,,
unsay,,
unsee,,
unsel,,
unset,,
unsew,,
unsex,,
unter,,
untie,,
until,,
unwed,,
unzio,,
unzip,,
updos,,
upend,,
upolu,,
upped,,
upper,,
upset,,
uraei,,
urate,,
urban,,
urged,,
urger,,
urges,,
urine,,
urmia,,
usage,,
users,,
ushas,,
usher,,
using,,
usnea,,
usrio,,
usual,,
usurp,,
usury,,
uteca,,
uther,,
utile,,
utiny,,
uttar,,
utter,,
uveal,,
uvula,,
uxmal,,
vacua,,
vacuo,,
vagal,,
vague,,
vagus,,
vales,,
valet,,
valid,,
valle,,
valor,,
value,,
valve,,
vaned,,
vanes,,
vanua,,
vapid,,
vapor,,
varec,,
varia,,
varix,,
varna,,
varro,,
varus,,
varve,,
vasal,,
vasco,,
vases,,
vasty,,
vatic,,
vault,,
vaunt,,
vealy,,
veers,,
veery,,
vegan,,
veils,,
veins,,
veiny,,
velar,,
veldt,,
velum,,
venae,,
venal,,
venge,,
venin,,
venlo,,
venom,,
vents,,
venue,,
verbs,,
verge,,
verny,,
versa,,
verse,,
verso,,
verst,,
vertu,,
verve,,
vesta,,
vests,,
vetch,,
vexed,,
vexes,,
vials,,
viand,,
vibes,,
vicar,,
vices,,
vidal,,
video,,
views,,
viewy,,
vigil,,
vigny,,
vigor,,
viler,,
villa,,
villi,,
vimen,,
vinal,,
vinca,,
vines,,
vinic,,
vinyl,,
viola,,
viper,,
viral,,
viren,,
vireo,,
vires,,
virga,,
virid,,
virtu,,
virus,,
visas,,
vised,,
visit,,
visor,,
vista,,
vitae,,
vital,,
vitro,,
vitta,,
vitus,,
vivid,,
vixen,,
vizor,,
vocal,,
vodka,,
vogue,,
voice,,
voids,,
voila,,
voile,,
volar,,
voles,,
volts,,
volva,,
vomer,,
vomit,,
vored,,
voted,,
voter,,
votes,,
vouch,,
vouge,,
vowed,,
vowel,,
vower,,
vroom,,
vulva,,
vying,,
wacko,,
wacky,,
wadai,,
waddy,,
waded,,
wader,,
wades,,
wafer,,
waged,,
wager,,
wages,,
wagon,,
wahoo,,
wails,,
waist,,
waits,,
waive,,
waked,,
waken,,
waker,,
wakes,,
waler,,
wales,,
walks,,
walls,,
wally,,
waltz,,
waned,,
wanes,,
waney,,
wanly,,
wanna,,
wants,,
wards,,
wares,,
warms,,
warns,,
warps,,
warta,,
warts,,
warty,,
washy,,
wasps,,
waste,,
watap,,
watch,,
water,,
watts,,
waved,,
waver,,
waves,,
waxed,,
waxen,,
waxer,,
waxes,,
weald,,
wears,,
weary,,
weave,,
webbs,,
webby,,
weber,,
wedge,,
wedgy,,
weeds,,
weedy,,
weeks,,
weeny,,
weeps,,
weepy,,
wefts,,
weigh,,
weird,,
weirs,,
welds,,
wells,,
welsh,,
welts,,
wench,,
wersh,,
weser,,
wetly,,
whack,,
whale,,
whang,,
whare,,
wharf,,
whats,,
whaup,,
wheal,,
wheat,,
wheel,,
wheen,,
whelk,,
whelm,,
whelp,,
whens,,
where,,
whets,,
which,,
whiff,,
whigs,,
while,,
whims,,
whine,,
whips,,
whirl,,
whirr,,
whish,,
whisk,,
whist,,
white,,
whity,,
whizz,,
whole,,
whomp,,
whoop,,
whore,,
whorl,,
whort,,
whose,,
whoso,,
whump,,
wicks,,
widen,,
wider,,
widow,,
width,,
wield,,
wigan,,
wight,,
wilco,,
wilde,,
wiled,,
wiles,,
wills,,
willy,,
wilno,,
wilts,,
wimps,,
wimpy,,
wince,,
winch,,
winds,,
windy,,
wined,,
winer,,
wines,,
winey,,
wings,,
wingy,,
winks,,
winos,,
winze,,
wiped,,
wiper,,
wipes,,
wired,,
wirer,,
wires,,
wirra,,
wised,,
wiser,,
wises,,
wisha,,
wishy,,
wisps,,
wispy,,
witan,,
witch,,
withe,,
withy,,
witty,,
wives,,
wizen,,
woald,,
wodge,,
woken,,
wolly,,
wolve,,
woman,,
wombs,,
women,,
wonky,,
woods,,
woody,,
wooed,,
wooer,,
woofs,,
woolf,,
wools,,
wooly,,
woops,,
woozy,,
words,,
wordy,,
works,,
world,,
worms,,
wormy,,
worry,,
worse,,
worst,,
worth,,
would,,
wound,,
woven,,
wrack,,
wraps,,
wrath,,
wreak,,
wreck,,
wrens,,
wrest,,
wrier,,
wring,,
wrist,,
write,,
writs,,
wrong,,
wrote,,
wroth,,
wrung,,
wryly,,
wundt,,
wurst,,
wusih,,
xcvii,,
xenia,,
xenon,,
xeric,,x
xhosa,,
xterm,,x
xviii,,x
xxiii,,x
xxvii,,x
xxxii,,x
xxxiv,,x
xxxix,,x
xxxvi,,x
xylan,,x
xylem,,x
xylol,,x
xylyl,,x
yabby,,x
yacht,,
yamen,,x
yanks,,
yapok,,
yapon,,x
yards,,
yarns,,
yauld,,x
yawed,,
yawns,,
yearn,,
years,,
yeast,,
yecch,,x
yells,,
yelps,,
yenan,,x
yeses,,
yield,,
yodel,,
yodle,,x
yogic,,
yogin,,
yokel,,
yokes,,x
yolks,,
yolky,,
yonne,,x
young,,
yours,,
youth,,
yucca,,
yulan,,x
yummy,,
zante,,x
zappa,,x
zarga,,x
zaria,,x
zayin,,x
zazen,,x
zeami,,x
zebec,,
zebra,,
zeist,,x
zener,,
zeros,,
zesty,,
zetas,,
ziaur,,x
zibet,,x
ziggy,,x
zilch,,
zings,,
zingy,,
zippy,,
ziska,,x
zloty,,
zoaea,,x
zohar,,x
zombi,,x
zonal,,
zoned,,
zoner,,
zones,,
zonks,,
zooid,,x
zooks,,x
zooms,,
